test_set,model,f1_mean,f1_std,acc_mean,fpr_mean,source
testA,GLTR (LR),0.9871,0.0,0.987,0.024,original run (independent of stylometric pipeline)
testA,BERT-CLS Only (LR),0.8438,0.0,0.863,0.014,original run (independent of stylometric pipeline)
testA,DistilBERT (fine-tuned),0.6684,0.3645,0.7833,0.0127,original run (independent of stylometric pipeline)
testA,RoBERTa (fine-tuned),0.8452,0.2075,0.881,0.0487,original run (independent of stylometric pipeline)
testA,"Hybrid Fusion, reddit-val selection",0.7914,0.0321,0.8276,0.002,Stage-4-v2 (self-consistent pipeline)
testA,"Hybrid Fusion, compound-val selection (Ours, best)",0.9351,0.0297,0.9394,0.004,Stage-4-v2 (self-consistent pipeline)
testB,GLTR (LR),0.6792,0.0,0.711,0.19,original run (independent of stylometric pipeline)
testB,BERT-CLS Only (LR),0.6308,0.0,0.698,0.12,original run (independent of stylometric pipeline)
testB,DistilBERT (fine-tuned),0.738,0.0464,0.7807,0.0607,original run (independent of stylometric pipeline)
testB,RoBERTa (fine-tuned),0.7243,0.1004,0.7713,0.0893,original run (independent of stylometric pipeline)
testB,"Hybrid Fusion, reddit-val selection",0.7207,0.0251,0.7752,0.0312,Stage-4-v2 (self-consistent pipeline)
testB,"Hybrid Fusion, compound-val selection (Ours, best)",0.8037,0.02,0.8204,0.0956,Stage-4-v2 (self-consistent pipeline)
testC,GLTR (LR),0.8528,0.0,0.8698,0.0146,original run (independent of stylometric pipeline)
testC,BERT-CLS Only (LR),0.6398,0.0,0.7302,0.0188,original run (independent of stylometric pipeline)
testC,DistilBERT (fine-tuned),0.4631,0.2424,0.6528,0.0264,original run (independent of stylometric pipeline)
testC,RoBERTa (fine-tuned),0.6211,0.3112,0.7403,0.0625,original run (independent of stylometric pipeline)
testC,"Hybrid Fusion, reddit-val selection",0.2157,0.0479,0.5604,0.0008,Stage-4-v2 (self-consistent pipeline)
testC,"Hybrid Fusion, compound-val selection (Ours, best)",0.4754,0.1351,0.6596,0.0012,Stage-4-v2 (self-consistent pipeline)
